{
  "co_counts": {
    "b_4e603e90|b_e7077dae": 609.7325000000001,
    "b_e7077dae|b_ea3edbf4": 138.08249999999998,
    "b_4e603e90|b_ea3edbf4": 138.08249999999998,
    "b_30f0e869|b_823e419b": 73.1025,
    "b_ea3edbf4|b_f582d56e": 259.185,
    "b_4e603e90|b_f582d56e": 201.635,
    "b_e7077dae|b_f582d56e": 66.785,
    "b_4e603e90|b_950ce165": 44.2225,
    "b_950ce165|b_e7077dae": 44.2225,
    "b_950ce165|b_f582d56e": 348.55499999999995,
    "b_950ce165|b_ea3edbf4": 74.62249999999999,
    "b_30f0e869|b_71d5d6cc": 498.58500000000004,
    "b_71d5d6cc|b_823e419b": 37.0025,
    "b_11721150|b_71d5d6cc": 14.44,
    "b_11721150|b_30f0e869": 14.44,
    "b_11721150|b_823e419b": 264.575,
    "b_70ce63ef|b_f582d56e": 298.5825,
    "b_71d5d6cc|b_f582d56e": 640.1825,
    "b_7e5d74e8|b_f582d56e": 125.73249999999999,
    "b_86f4d4a9|b_f582d56e": 125.73249999999999,
    "b_16225e94|b_f582d56e": 288.73249999999996,
    "b_b572622e|b_f582d56e": 288.73249999999996,
    "b_0228c494|b_f582d56e": 602.1825,
    "b_30f0e869|b_f582d56e": 461.5825,
    "b_726495a3|b_f582d56e": 461.5825,
    "b_70ce63ef|b_950ce165": 288.73249999999996,
    "b_71d5d6cc|b_950ce165": 304.3325,
    "b_7e5d74e8|b_950ce165": 163.7325,
    "b_86f4d4a9|b_950ce165": 460.6325,
    "b_16225e94|b_950ce165": 259.6325,
    "b_950ce165|b_b572622e": 297.6325,
    "b_0228c494|b_950ce165": 342.3325,
    "b_30f0e869|b_950ce165": 125.73249999999999,
    "b_726495a3|b_950ce165": 125.73249999999999,
    "b_70ce63ef|b_71d5d6cc": 298.5825,
    "b_70ce63ef|b_7e5d74e8": 304.3325,
    "b_70ce63ef|b_86f4d4a9": 288.73249999999996,
    "b_16225e94|b_70ce63ef": 125.73249999999999,
    "b_70ce63ef|b_b572622e": 304.3325,
    "b_0228c494|b_70ce63ef": 260.5825,
    "b_30f0e869|b_70ce63ef": 477.1825,
    "b_70ce63ef|b_726495a3": 477.1825,
    "b_71d5d6cc|b_7e5d74e8": 125.73249999999999,
    "b_71d5d6cc|b_86f4d4a9": 125.73249999999999,
    "b_16225e94|b_71d5d6cc": 288.73249999999996,
    "b_71d5d6cc|b_b572622e": 288.73249999999996,
    "b_0228c494|b_71d5d6cc": 602.1825,
    "b_71d5d6cc|b_726495a3": 461.5825,
    "b_7e5d74e8|b_86f4d4a9": 163.7325,
    "b_16225e94|b_7e5d74e8": 125.73249999999999,
    "b_7e5d74e8|b_b572622e": 342.3325,
    "b_0228c494|b_7e5d74e8": 163.7325,
    "b_30f0e869|b_7e5d74e8": 304.3325,
    "b_726495a3|b_7e5d74e8": 304.3325,
    "b_16225e94|b_86f4d4a9": 438.2325,
    "b_86f4d4a9|b_b572622e": 297.6325,
    "b_0228c494|b_86f4d4a9": 163.7325,
    "b_30f0e869|b_86f4d4a9": 125.73249999999999,
    "b_726495a3|b_86f4d4a9": 125.73249999999999,
    "b_16225e94|b_b572622e": 422.6325,
    "b_0228c494|b_16225e94": 288.73249999999996,
    "b_16225e94|b_30f0e869": 288.73249999999996,
    "b_16225e94|b_726495a3": 288.73249999999996,
    "b_0228c494|b_b572622e": 326.73249999999996,
    "b_30f0e869|b_b572622e": 467.3325,
    "b_726495a3|b_b572622e": 467.3325,
    "b_0228c494|b_30f0e869": 423.5825,
    "b_0228c494|b_726495a3": 423.5825,
    "b_30f0e869|b_726495a3": 640.1825,
    "b_300064b3|b_e7077dae": 438.185,
    "b_300064b3|b_f4c5e703": 126.635,
    "b_300064b3|b_ea3edbf4": 90.2475,
    "b_300064b3|b_4e603e90": 303.335,
    "b_300064b3|b_823e419b": 54.15,
    "b_e7077dae|b_f4c5e703": 126.635,
    "b_823e419b|b_e7077dae": 54.15,
    "b_ea3edbf4|b_f4c5e703": 53.247499999999995,
    "b_4e603e90|b_f4c5e703": 126.635,
    "b_823e419b|b_f4c5e703": 389.05,
    "b_823e419b|b_ea3edbf4": 231.8475,
    "b_4e603e90|b_823e419b": 54.15,
    "b_1ef7099f|b_7fbc05bc": 431.47,
    "b_300064b3|b_c7e9bdae": 118.51249999999999,
    "b_c7e9bdae|b_f4c5e703": 281.5125,
    "b_823e419b|b_c7e9bdae": 387.62749999999994,
    "b_c7e9bdae|b_ea3edbf4": 223.725,
    "b_4e603e90|b_c7e9bdae": 253.36249999999998,
    "b_c7e9bdae|b_e7077dae": 118.51249999999999,
    "b_1ef7099f|b_b5488179": 388.8325,
    "b_7fbc05bc|b_b5488179": 254.9325,
    "b_3f45ab46|b_b5488179": 71.82,
    "b_1ef7099f|b_3f45ab46": 234.82,
    "b_3f45ab46|b_7fbc05bc": 437.12,
    "b_0cedcd87|b_11721150": 180.05,
    "b_c7e9bdae|b_ebf79970": 348.82,
    "b_300064b3|b_ebf79970": 7.22,
    "b_ebf79970|b_f4c5e703": 342.12,
    "b_823e419b|b_ebf79970": 592.2549999999999,
    "b_ea3edbf4|b_ebf79970": 184.9175,
    "b_4e603e90|b_ebf79970": 7.22,
    "b_e7077dae|b_ebf79970": 7.22,
    "b_c7e9bdae|b_e7abbe17": 413.75,
    "b_300064b3|b_e7abbe17": 77.89999999999999,
    "b_e7abbe17|b_ebf79970": 168.415,
    "b_e7abbe17|b_f4c5e703": 419.5,
    "b_823e419b|b_e7abbe17": 168.415,
    "b_e7abbe17|b_ea3edbf4": 4.5125,
    "b_4e603e90|b_e7abbe17": 212.75,
    "b_e7077dae|b_e7abbe17": 77.89999999999999,
    "b_5fdf4265|b_c7e9bdae": 0.9025,
    "b_300064b3|b_5fdf4265": 0.9025,
    "b_5fdf4265|b_ebf79970": 244.3375,
    "b_5fdf4265|b_f4c5e703": 350.4525,
    "b_5fdf4265|b_823e419b": 244.3375,
    "b_4e603e90|b_5fdf4265": 162.9025,
    "b_5fdf4265|b_e7077dae": 162.9025,
    "b_5fdf4265|b_e7abbe17": 178.55249999999998,
    "b_11721150|b_ea3edbf4": 350.4025,
    "b_0cedcd87|b_c7e9bdae": 41.135,
    "b_0cedcd87|b_300064b3": 514.685,
    "b_0cedcd87|b_f4c5e703": 41.135,
    "b_0cedcd87|b_4e603e90": 254.835,
    "b_0cedcd87|b_e7077dae": 389.685,
    "b_0cedcd87|b_e7abbe17": 41.135,
    "b_11721150|b_5fdf4265": 71.535,
    "b_11721150|b_ebf79970": 250.135,
    "b_b5488179|b_ea3edbf4": 242.435,
    "b_1ef7099f|b_ea3edbf4": 175.035,
    "b_7fbc05bc|b_ea3edbf4": 41.135,
    "b_3f45ab46|b_ea3edbf4": 219.735,
    "b_010ea5e0|b_b5488179": 35.72,
    "b_010ea5e0|b_1ef7099f": 35.72,
    "b_010ea5e0|b_7fbc05bc": 66.11999999999999,
    "b_010ea5e0|b_3f45ab46": 66.11999999999999,
    "b_010ea5e0|b_ea3edbf4": 197.72,
    "b_c7e9bdae|b_f08acf7b": 444.8,
    "b_300064b3|b_f08acf7b": 169.35,
    "b_f08acf7b|b_f4c5e703": 93.35,
    "b_4e603e90|b_f08acf7b": 185.2,
    "b_0cedcd87|b_f08acf7b": 138.0,
    "b_e7077dae|b_f08acf7b": 50.349999999999994,
    "b_e7abbe17|b_f08acf7b": 266.2,
    "b_1428e27a|b_b5488179": 151.0,
    "b_1428e27a|b_1ef7099f": 151.0,
    "b_1428e27a|b_7fbc05bc": 47.5,
    "b_1428e27a|b_3f45ab46": 47.5,
    "b_1428e27a|b_ea3edbf4": 313.0,
    "b_010ea5e0|b_1428e27a": 426.1,
    "b_1428e27a|b_2f5d8806": 221.35,
    "b_2f5d8806|b_b5488179": 12.35,
    "b_1ef7099f|b_2f5d8806": 213.35,
    "b_2f5d8806|b_7fbc05bc": 205.75,
    "b_2f5d8806|b_3f45ab46": 205.75,
    "b_2f5d8806|b_ea3edbf4": 12.35,
    "b_010ea5e0|b_2f5d8806": 356.2,
    "b_1428e27a|b_ba56cdaa": 379.6,
    "b_b5488179|b_ba56cdaa": 7.6,
    "b_1ef7099f|b_ba56cdaa": 7.6,
    "b_7fbc05bc|b_ba56cdaa": 76.0,
    "b_3f45ab46|b_ba56cdaa": 76.0,
    "b_ba56cdaa|b_ea3edbf4": 169.6,
    "b_2f5d8806|b_ba56cdaa": 216.6,
    "b_010ea5e0|b_ba56cdaa": 379.6,
    "b_b7d6614a|b_c7e9bdae": 204.2,
    "b_300064b3|b_b7d6614a": 31.349999999999998,
    "b_b7d6614a|b_f08acf7b": 204.2,
    "b_b7d6614a|b_f4c5e703": 209.95,
    "b_4e603e90|b_b7d6614a": 166.2,
    "b_b7d6614a|b_e7077dae": 31.349999999999998,
    "b_b7d6614a|b_e7abbe17": 382.8,
    "b_0cedcd87|b_1428e27a": 67.4,
    "b_0cedcd87|b_7fbc05bc": 30.4,
    "b_0cedcd87|b_ba56cdaa": 30.4,
    "b_0cedcd87|b_3f45ab46": 30.4,
    "b_0cedcd87|b_2f5d8806": 165.25,
    "b_010ea5e0|b_0cedcd87": 202.25,
    "b_b5488179|b_f582d56e": 209.0,
    "b_950ce165|b_b5488179": 209.0,
    "b_0228c494|b_b5488179": 209.0,
    "b_71d5d6cc|b_b5488179": 209.0,
    "b_7e5d74e8|b_b5488179": 30.4,
    "b_86f4d4a9|b_b5488179": 30.4,
    "b_16225e94|b_b5488179": 30.4,
    "b_b5488179|b_b572622e": 30.4,
    "b_70ce63ef|b_b5488179": 30.4,
    "b_30f0e869|b_b5488179": 30.4,
    "b_726495a3|b_b5488179": 30.4,
    "b_0228c494|b_ea3edbf4": 192.4,
    "b_71d5d6cc|b_ea3edbf4": 192.4,
    "b_7e5d74e8|b_ea3edbf4": 30.4,
    "b_86f4d4a9|b_ea3edbf4": 209.0,
    "b_16225e94|b_ea3edbf4": 371.0,
    "b_b572622e|b_ea3edbf4": 192.4,
    "b_70ce63ef|b_ea3edbf4": 30.4,
    "b_30f0e869|b_ea3edbf4": 192.4,
    "b_726495a3|b_ea3edbf4": 192.4,
    "b_1ef7099f|b_c7e9bdae": 193.4,
    "b_1ef7099f|b_300064b3": 30.4,
    "b_1ef7099f|b_f08acf7b": 73.4,
    "b_1ef7099f|b_f4c5e703": 410.0,
    "b_1ef7099f|b_b7d6614a": 209.0,
    "b_1ef7099f|b_4e603e90": 30.4,